,precision,recall,f1-score,support
0,0.5640718562874252,0.7798013245033113,0.6546212647671994,604.0
1,0.5,0.007272727272727273,0.014336917562724014,275.0
2,0.4364406779661017,0.511166253101737,0.47085714285714286,403.0
3,0.6783625730994152,0.58,0.6253369272237197,200.0
4,0.5909090909090909,0.5909090909090909,0.5909090909090909,44.0
accuracy,0.5380078636959371,0.5380078636959371,0.5380078636959371,0.5380078636959371
macro avg,0.5539568396524066,0.4938298791573733,0.47121226866397536,1526.0
weighted avg,0.5345724174559808,0.5380078636959371,0.4850306096102949,1526.0
