,precision,recall,f1-score,support
0,0.6332899869960988,0.8062913907284768,0.7093954843408594,604.0
1,0.3178294573643411,0.14909090909090908,0.20297029702970298,275.0
2,0.5454545454545454,0.5062034739454094,0.525096525096525,403.0
3,0.6748768472906403,0.685,0.6799007444168734,200.0
4,0.6666666666666666,0.7727272727272727,0.7157894736842105,44.0
accuracy,0.591743119266055,0.591743119266055,0.591743119266055,0.591743119266055
macro avg,0.5676235007544584,0.5838626092984136,0.5666305049136342,1526.0
weighted avg,0.5596573640435654,0.591743119266055,0.5657801373292444,1526.0
